{"cameraMode":{"drawMode":0,"name":"Shaded","section":"Shading Mode"},"sceneLighting":true,"audioPlay":false,"sceneViewState":{"showFog":true,"showMaterialUpdate":false,"showSkybox":true,"showFlares":true,"showImageEffects":true,"showParticleSystems":true},"in2DMode":false,"pivot":{"x":-2.3376128673553469,"y":-1.713646650314331,"z":-4.236659049987793},"rotation":{"x":-0.06455492973327637,"y":0.9354193806648254,"z":-0.24836990237236024,"w":-0.24357002973556519},"size":7.056936264038086,"orthographic":false}