{"cameraMode":{"drawMode":0,"name":"Shaded","section":"Shading Mode"},"sceneLighting":true,"audioPlay":false,"sceneViewState":{"showFog":true,"showMaterialUpdate":false,"showSkybox":true,"showFlares":true,"showImageEffects":true,"showParticleSystems":true},"in2DMode":false,"pivot":{"x":-3.847156524658203,"y":-1.860740303993225,"z":-1.4497114419937134},"rotation":{"x":-0.16332611441612245,"y":0.7828279733657837,"z":-0.2306254506111145,"w":-0.5543922185897827},"size":6.389083385467529,"orthographic":false}