{"cameraMode":{"drawMode":0,"name":"Shaded","section":"Shading Mode"},"sceneLighting":true,"audioPlay":false,"sceneViewState":{"showFog":true,"showMaterialUpdate":false,"showSkybox":true,"showFlares":true,"showImageEffects":true,"showParticleSystems":true},"in2DMode":false,"pivot":{"x":-0.047841787338256839,"y":0.9006128311157227,"z":0.004795074462890625},"rotation":{"x":-0.05695072188973427,"y":0.9413146376609802,"z":-0.20358486473560334,"w":-0.26325157284736636},"size":2.189082384109497,"orthographic":false}