{"cameraMode":{"drawMode":0,"name":"Shaded","section":"Shading Mode"},"sceneLighting":true,"audioPlay":false,"sceneViewState":{"showFog":true,"showMaterialUpdate":false,"showSkybox":true,"showFlares":true,"showImageEffects":true,"showParticleSystems":true},"in2DMode":false,"pivot":{"x":0.04241803288459778,"y":0.8752186894416809,"z":-0.8174002766609192},"rotation":{"x":-0.036383386701345447,"y":0.9592733979225159,"z":-0.2393437772989273,"w":-0.14617817103862763},"size":1.889082431793213,"orthographic":false}