{"cameraMode":{"drawMode":0,"name":"Shaded","section":"Shading Mode"},"sceneLighting":true,"audioPlay":false,"sceneViewState":{"showFog":true,"showMaterialUpdate":false,"showSkybox":true,"showFlares":true,"showImageEffects":true,"showParticleSystems":true},"in2DMode":false,"pivot":{"x":-0.19300749897956849,"y":-0.04588913917541504,"z":-1.954646110534668},"rotation":{"x":-0.018491096794605256,"y":0.9726073145866394,"z":-0.21647323668003083,"w":-0.08306646347045899},"size":3.989082098007202,"orthographic":false}